game_id,civilization,game_turn,num_cities,population,techs,civics,yields_science,yields_culture,yields_production,buildings,districts,current_score,science_per_city,population_per_city,buildings_per_city,development_index,science_rank,cities_rank,score_rank,population_rank,final_turn,final_score,final_rank,will_win,game_session
2025-08-01_23:31:49.196788,CIVILIZATION_ROME,39,1,4,3,3,5,5,15,11,0,47,5.0,4.0,11.0,0.15384615384615385,1,3,1,3,39,47,1,1,Previous_Game
2025-08-01_23:31:49.196788,CIVILIZATION_ENGLAND,39,1,3,4,3,3,4,6,11,0,46,3.0,3.0,11.0,0.1794871794871795,4,3,2,4,39,46,2,0,Previous_Game
2025-08-01_23:31:49.196788,CIVILIZATION_NETHERLANDS,39,1,5,3,3,4,4,9,11,0,39,4.0,5.0,11.0,0.15384615384615385,3,3,3,1,39,39,3,0,Previous_Game
2025-08-01_23:31:49.196788,CIVILIZATION_CHINA,39,2,5,4,3,5,5,10,11,0,33,2.5,2.5,5.5,0.1794871794871795,1,1,4,1,39,33,4,0,Previous_Game
2025-08-01_23:31:49.196788,CIVILIZATION_CANADA,39,2,3,3,3,3,5,15,11,1,28,1.5,1.5,5.5,0.15384615384615385,4,1,5,4,39,28,5,0,Previous_Game
2025-08-02_00:02:29.728008,CIVILIZATION_ENGLAND,43,1,3,4,3,3,4,6,11,0,52,3.0,3.0,11.0,0.16279069767441862,6,4,1,5,43,52,1,1,Previous_Game
2025-08-02_00:02:29.728008,CIVILIZATION_ROME,43,1,3,3,4,4,5,13,11,0,48,4.0,3.0,11.0,0.16279069767441862,3,4,2,5,43,48,2,0,Previous_Game
2025-08-02_00:02:29.728008,CIVILIZATION_NETHERLANDS,43,1,5,4,3,4,4,8,12,0,43,4.0,5.0,12.0,0.16279069767441862,3,4,3,3,43,43,3,0,Previous_Game
2025-08-02_00:02:29.728008,CIVILIZATION_CHINA,43,2,6,5,4,6,6,11,11,0,35,3.0,3.0,5.5,0.20930232558139536,1,1,4,1,43,35,4,0,Previous_Game
2025-08-02_00:02:29.728008,CIVILIZATION_CANADA,43,2,4,3,4,4,5,17,11,1,31,2.0,2.0,5.5,0.16279069767441862,3,1,5,4,43,31,5,0,Previous_Game
2025-08-02_00:02:29.728008,CIVILIZATION_GAUL,43,2,6,4,3,6,2,17,10,0,29,3.0,3.0,5.0,0.16279069767441862,1,1,6,1,43,29,6,0,Previous_Game
2025-08-02_00:03:46.037399,CIVILIZATION_ENGLAND,47,1,4,4,3,4,4,8,11,0,54,4.0,4.0,11.0,0.14893617021276595,5,5,1,4,47,54,1,1,Previous_Game
2025-08-02_00:03:46.037399,CIVILIZATION_ROME,47,2,4,3,4,5,5,16,11,0,53,2.5,2.0,5.5,0.14893617021276595,3,1,2,4,47,53,2,0,Previous_Game
2025-08-02_00:03:46.037399,CIVILIZATION_NETHERLANDS,47,1,6,4,3,5,4,10,12,0,46,5.0,6.0,12.0,0.14893617021276595,3,5,3,2,47,46,3,0,Previous_Game
2025-08-02_00:03:46.037399,CIVILIZATION_CHINA,47,2,7,5,4,7,7,15,11,0,42,3.5,3.5,5.5,0.19148936170212766,1,1,4,1,47,42,4,0,Previous_Game
2025-08-02_00:03:46.037399,CIVILIZATION_CANADA,47,2,4,3,4,4,5,18,11,1,33,2.0,2.0,5.5,0.14893617021276595,5,1,5,4,47,33,5,0,Previous_Game
2025-08-02_00:03:46.037399,CIVILIZATION_GAUL,47,2,6,4,4,6,2,17,10,0,30,3.0,3.0,5.0,0.1702127659574468,2,1,6,2,47,30,6,0,Previous_Game
2025-08-02_00:09:07.264659,CIVILIZATION_ENGLAND,10,1,2,1,0,3,1,4,10,0,8,3.0,2.0,10.0,0.1,1,1,4,1,46,53,1,1,Previous_Game
2025-08-02_00:09:07.264659,CIVILIZATION_ROME,10,1,2,0,0,3,2,8,10,0,17,3.0,2.0,10.0,0.0,1,1,1,1,46,50,2,0,Previous_Game
2025-08-02_00:09:07.264659,CIVILIZATION_NETHERLANDS,10,1,2,0,0,3,1,5,10,0,9,3.0,2.0,10.0,0.0,1,1,3,1,46,44,3,0,Previous_Game
2025-08-02_00:09:07.264659,CIVILIZATION_CHINA,10,1,1,0,0,2,1,4,10,0,12,2.0,1.0,10.0,0.0,5,1,2,5,46,42,4,0,Previous_Game
2025-08-02_00:09:07.264659,CIVILIZATION_CANADA,10,1,2,0,0,3,1,10,10,0,8,3.0,2.0,10.0,0.0,1,1,4,1,46,32,5,0,Previous_Game
2025-08-02_00:09:07.264659,CIVILIZATION_ENGLAND,11,1,2,1,0,3,1,4,10,0,9,3.0,2.0,10.0,0.09090909090909091,1,1,3,1,46,53,1,1,Previous_Game
2025-08-02_00:09:07.264659,CIVILIZATION_ROME,11,1,2,1,0,3,2,8,10,0,17,3.0,2.0,10.0,0.09090909090909091,1,1,1,1,46,50,2,0,Previous_Game
2025-08-02_00:09:07.264659,CIVILIZATION_NETHERLANDS,11,1,2,1,0,3,1,5,10,0,9,3.0,2.0,10.0,0.09090909090909091,1,1,3,1,46,44,3,0,Previous_Game
2025-08-02_00:09:07.264659,CIVILIZATION_CHINA,11,1,1,1,0,2,1,4,10,0,12,2.0,1.0,10.0,0.09090909090909091,5,1,2,5,46,42,4,0,Previous_Game
2025-08-02_00:09:07.264659,CIVILIZATION_CANADA,11,1,2,1,0,3,1,10,10,0,8,3.0,2.0,10.0,0.09090909090909091,1,1,5,1,46,32,5,0,Previous_Game
2025-08-02_00:09:07.264659,CIVILIZATION_ENGLAND,12,1,3,1,0,3,2,6,10,0,12,3.0,3.0,10.0,0.08333333333333333,2,1,3,1,46,53,1,1,Previous_Game
2025-08-02_00:09:07.264659,CIVILIZATION_ROME,12,1,2,1,0,3,2,8,10,0,20,3.0,2.0,10.0,0.08333333333333333,2,1,1,2,46,50,2,0,Previous_Game
2025-08-02_00:09:07.264659,CIVILIZATION_NETHERLANDS,12,1,2,1,0,3,1,5,10,0,12,3.0,2.0,10.0,0.08333333333333333,2,1,3,2,46,44,3,0,Previous_Game
2025-08-02_00:09:07.264659,CIVILIZATION_CHINA,12,1,2,1,0,4,1,6,10,0,14,4.0,2.0,10.0,0.08333333333333333,1,1,2,2,46,42,4,0,Previous_Game
2025-08-02_00:09:07.264659,CIVILIZATION_CANADA,12,1,2,1,0,3,1,10,10,0,10,3.0,2.0,10.0,0.08333333333333333,2,1,5,2,46,32,5,0,Previous_Game
2025-08-02_00:09:07.264659,CIVILIZATION_ENGLAND,13,1,3,1,1,3,2,6,10,0,13,3.0,3.0,10.0,0.15384615384615385,2,1,3,1,46,53,1,1,Previous_Game
2025-08-02_00:09:07.264659,CIVILIZATION_ROME,13,1,2,1,1,3,2,9,10,0,20,3.0,2.0,10.0,0.15384615384615385,2,1,1,2,46,50,2,0,Previous_Game
2025-08-02_00:09:07.264659,CIVILIZATION_NETHERLANDS,13,1,2,1,0,3,1,5,10,0,12,3.0,2.0,10.0,0.07692307692307693,2,1,4,2,46,44,3,0,Previous_Game
2025-08-02_00:09:07.264659,CIVILIZATION_CHINA,13,1,2,1,0,4,2,6,10,0,15,4.0,2.0,10.0,0.07692307692307693,1,1,2,2,46,42,4,0,Previous_Game
2025-08-02_00:09:07.264659,CIVILIZATION_CANADA,13,1,2,1,0,3,1,10,10,0,10,3.0,2.0,10.0,0.07692307692307693,2,1,5,2,46,32,5,0,Previous_Game
2025-08-02_00:09:07.264659,CIVILIZATION_ENGLAND,14,1,3,1,1,3,2,6,10,0,13,3.0,3.0,10.0,0.14285714285714285,2,1,3,1,46,53,1,1,Previous_Game
2025-08-02_00:09:07.264659,CIVILIZATION_ROME,14,1,2,1,1,3,4,9,11,0,23,3.0,2.0,11.0,0.14285714285714285,2,1,1,2,46,50,2,0,Previous_Game
2025-08-02_00:09:07.264659,CIVILIZATION_NETHERLANDS,14,1,2,1,0,3,1,5,10,0,12,3.0,2.0,10.0,0.07142857142857142,2,1,4,2,46,44,3,0,Previous_Game
2025-08-02_00:09:07.264659,CIVILIZATION_CHINA,14,1,2,1,1,4,2,7,10,0,20,4.0,2.0,10.0,0.14285714285714285,1,1,2,2,46,42,4,0,Previous_Game
2025-08-02_00:09:07.264659,CIVILIZATION_CANADA,14,1,2,1,0,3,1,10,10,0,10,3.0,2.0,10.0,0.07142857142857142,2,1,5,2,46,32,5,0,Previous_Game
2025-08-02_00:09:07.264659,CIVILIZATION_ENGLAND,15,1,3,1,1,3,2,6,10,0,16,3.0,3.0,10.0,0.13333333333333333,2,1,3,1,46,53,1,1,Previous_Game
2025-08-02_00:09:07.264659,CIVILIZATION_ROME,15,1,2,1,1,3,4,9,11,0,23,3.0,2.0,11.0,0.13333333333333333,2,1,1,2,46,50,2,0,Previous_Game
2025-08-02_00:09:07.264659,CIVILIZATION_NETHERLANDS,15,1,2,1,0,3,1,5,10,0,13,3.0,2.0,10.0,0.06666666666666667,2,1,4,2,46,44,3,0,Previous_Game
2025-08-02_00:09:07.264659,CIVILIZATION_CHINA,15,1,2,1,1,4,2,7,10,0,20,4.0,2.0,10.0,0.13333333333333333,1,1,2,2,46,42,4,0,Previous_Game
2025-08-02_00:09:07.264659,CIVILIZATION_CANADA,15,1,2,1,1,3,2,12,10,0,10,3.0,2.0,10.0,0.13333333333333333,2,1,5,2,46,32,5,0,Previous_Game
2025-08-02_00:09:07.264659,CIVILIZATION_ENGLAND,16,1,3,1,1,3,4,6,11,0,16,3.0,3.0,11.0,0.125,2,1,3,1,46,53,1,1,Previous_Game
2025-08-02_00:09:07.264659,CIVILIZATION_ROME,16,1,2,1,1,3,4,9,11,0,26,3.0,2.0,11.0,0.125,2,1,1,2,46,50,2,0,Previous_Game
2025-08-02_00:09:07.264659,CIVILIZATION_NETHERLANDS,16,1,2,1,1,3,3,5,11,0,16,3.0,2.0,11.0,0.125,2,1,3,2,46,44,3,0,Previous_Game
2025-08-02_00:09:07.264659,CIVILIZATION_CHINA,16,1,2,1,1,4,2,7,10,0,20,4.0,2.0,10.0,0.125,1,1,2,2,46,42,4,0,Previous_Game
2025-08-02_00:09:07.264659,CIVILIZATION_CANADA,16,1,2,1,1,3,2,12,10,0,11,3.0,2.0,10.0,0.125,2,1,5,2,46,32,5,0,Previous_Game
2025-08-02_00:09:07.264659,CIVILIZATION_ENGLAND,17,1,3,1,1,3,4,6,11,0,16,3.0,3.0,11.0,0.11764705882352941,2,1,3,1,46,53,1,1,Previous_Game
2025-08-02_00:09:07.264659,CIVILIZATION_ROME,17,1,2,1,1,3,4,9,11,0,26,3.0,2.0,11.0,0.11764705882352941,2,1,1,2,46,50,2,0,Previous_Game
2025-08-02_00:09:07.264659,CIVILIZATION_NETHERLANDS,17,1,2,1,1,3,3,6,11,0,16,3.0,2.0,11.0,0.11764705882352941,2,1,3,2,46,44,3,0,Previous_Game
2025-08-02_00:09:07.264659,CIVILIZATION_CHINA,17,1,2,2,1,4,2,7,10,0,20,4.0,2.0,10.0,0.17647058823529413,1,1,2,2,46,42,4,0,Previous_Game
2025-08-02_00:09:07.264659,CIVILIZATION_CANADA,17,1,2,1,1,3,2,12,10,0,14,3.0,2.0,10.0,0.11764705882352941,2,1,5,2,46,32,5,0,Previous_Game
2025-08-02_00:09:07.264659,CIVILIZATION_ENGLAND,18,1,3,1,1,3,4,6,11,0,18,3.0,3.0,11.0,0.1111111111111111,2,1,4,1,46,53,1,1,Previous_Game
2025-08-02_00:09:07.264659,CIVILIZATION_ROME,18,1,2,2,1,3,4,10,11,0,26,3.0,2.0,11.0,0.16666666666666666,2,1,1,3,46,50,2,0,Previous_Game
2025-08-02_00:09:07.264659,CIVILIZATION_NETHERLANDS,18,1,3,1,1,3,3,7,11,0,19,3.0,3.0,11.0,0.1111111111111111,2,1,3,1,46,44,3,0,Previous_Game
2025-08-02_00:09:07.264659,CIVILIZATION_CHINA,18,1,2,2,1,4,2,7,10,0,20,4.0,2.0,10.0,0.16666666666666666,1,1,2,3,46,42,4,0,Previous_Game
2025-08-02_00:09:07.264659,CIVILIZATION_CANADA,18,1,2,1,1,3,2,12,10,0,15,3.0,2.0,10.0,0.1111111111111111,2,1,5,3,46,32,5,0,Previous_Game
2025-08-02_00:09:07.264659,CIVILIZATION_ENGLAND,19,1,3,1,1,3,4,6,11,0,20,3.0,3.0,11.0,0.10526315789473684,2,1,3,1,46,53,1,1,Previous_Game
2025-08-02_00:09:07.264659,CIVILIZATION_ROME,19,1,2,2,1,3,4,10,11,0,26,3.0,2.0,11.0,0.15789473684210525,2,1,1,3,46,50,2,0,Previous_Game
2025-08-02_00:09:07.264659,CIVILIZATION_NETHERLANDS,19,1,3,1,1,3,3,7,11,0,20,3.0,3.0,11.0,0.10526315789473684,2,1,3,1,46,44,3,0,Previous_Game
2025-08-02_00:09:07.264659,CIVILIZATION_CHINA,19,1,2,2,1,4,4,7,11,0,22,4.0,2.0,11.0,0.15789473684210525,1,1,2,3,46,42,4,0,Previous_Game
2025-08-02_00:09:07.264659,CIVILIZATION_CANADA,19,1,2,1,1,3,4,12,11,0,15,3.0,2.0,11.0,0.10526315789473684,2,1,5,3,46,32,5,0,Previous_Game
2025-08-02_00:09:07.264659,CIVILIZATION_ENGLAND,20,1,3,1,1,3,4,6,11,0,21,3.0,3.0,11.0,0.1,2,1,3,1,46,53,1,1,Previous_Game
2025-08-02_00:09:07.264659,CIVILIZATION_ROME,20,1,2,2,1,3,4,10,11,0,28,3.0,2.0,11.0,0.15,2,1,1,3,46,50,2,0,Previous_Game
2025-08-02_00:09:07.264659,CIVILIZATION_NETHERLANDS,20,1,3,1,1,3,3,7,11,0,20,3.0,3.0,11.0,0.1,2,1,4,1,46,44,3,0,Previous_Game
2025-08-02_00:09:07.264659,CIVILIZATION_CHINA,20,1,2,2,1,4,4,7,11,0,22,4.0,2.0,11.0,0.15,1,1,2,3,46,42,4,0,Previous_Game
2025-08-02_00:09:07.264659,CIVILIZATION_CANADA,20,1,2,1,1,3,4,12,11,0,16,3.0,2.0,11.0,0.1,2,1,5,3,46,32,5,0,Previous_Game
2025-08-02_00:09:07.264659,CIVILIZATION_ENGLAND,21,1,3,1,1,3,4,6,11,0,24,3.0,3.0,11.0,0.09523809523809523,2,1,2,1,46,53,1,1,Previous_Game
2025-08-02_00:09:07.264659,CIVILIZATION_ROME,21,1,2,2,2,3,4,10,11,0,28,3.0,2.0,11.0,0.19047619047619047,2,1,1,3,46,50,2,0,Previous_Game
2025-08-02_00:09:07.264659,CIVILIZATION_NETHERLANDS,21,1,3,1,1,3,3,7,11,0,20,3.0,3.0,11.0,0.09523809523809523,2,1,4,1,46,44,3,0,Previous_Game
2025-08-02_00:09:07.264659,CIVILIZATION_CHINA,21,1,2,2,2,4,4,7,11,0,23,4.0,2.0,11.0,0.19047619047619047,1,1,3,3,46,42,4,0,Previous_Game
2025-08-02_00:09:07.264659,CIVILIZATION_CANADA,21,1,2,1,1,3,4,12,11,0,16,3.0,2.0,11.0,0.09523809523809523,2,1,5,3,46,32,5,0,Previous_Game
2025-08-02_00:09:07.264659,CIVILIZATION_ENGLAND,22,1,3,1,1,3,4,6,11,0,24,3.0,3.0,11.0,0.09090909090909091,2,1,3,1,46,53,1,1,Previous_Game
2025-08-02_00:09:07.264659,CIVILIZATION_ROME,22,1,3,2,2,3,5,13,11,0,29,3.0,3.0,11.0,0.18181818181818182,2,1,1,1,46,50,2,0,Previous_Game
2025-08-02_00:09:07.264659,CIVILIZATION_NETHERLANDS,22,1,3,1,1,3,3,7,11,0,20,3.0,3.0,11.0,0.09090909090909091,2,1,4,1,46,44,3,0,Previous_Game
2025-08-02_00:09:07.264659,CIVILIZATION_CHINA,22,1,2,2,2,4,4,7,11,0,27,4.0,2.0,11.0,0.18181818181818182,1,1,2,4,46,42,4,0,Previous_Game
2025-08-02_00:09:07.264659,CIVILIZATION_CANADA,22,1,2,1,1,3,4,12,11,0,16,3.0,2.0,11.0,0.09090909090909091,2,1,5,4,46,32,5,0,Previous_Game
2025-08-02_00:09:07.264659,CIVILIZATION_ENGLAND,23,1,3,2,1,3,4,6,11,0,24,3.0,3.0,11.0,0.13043478260869565,2,1,3,1,46,53,1,1,Previous_Game
2025-08-02_00:09:07.264659,CIVILIZATION_ROME,23,1,3,2,2,3,5,13,11,0,29,3.0,3.0,11.0,0.17391304347826086,2,1,1,1,46,50,2,0,Previous_Game
2025-08-02_00:09:07.264659,CIVILIZATION_NETHERLANDS,23,1,3,1,1,3,3,7,11,0,20,3.0,3.0,11.0,0.08695652173913043,2,1,4,1,46,44,3,0,Previous_Game
2025-08-02_00:09:07.264659,CIVILIZATION_CHINA,23,1,2,2,2,4,4,7,11,0,27,4.0,2.0,11.0,0.17391304347826086,1,1,2,4,46,42,4,0,Previous_Game
2025-08-02_00:09:07.264659,CIVILIZATION_CANADA,23,1,2,1,1,3,4,12,11,0,16,3.0,2.0,11.0,0.08695652173913043,2,1,5,4,46,32,5,0,Previous_Game
2025-08-02_00:09:07.264659,CIVILIZATION_ENGLAND,24,1,3,2,2,3,4,6,11,0,25,3.0,3.0,11.0,0.16666666666666666,2,1,3,1,46,53,1,1,Previous_Game
2025-08-02_00:09:07.264659,CIVILIZATION_ROME,24,1,3,2,2,3,5,13,11,0,32,3.0,3.0,11.0,0.16666666666666666,2,1,1,1,46,50,2,0,Previous_Game
2025-08-02_00:09:07.264659,CIVILIZATION_NETHERLANDS,24,1,3,1,1,3,3,7,11,0,20,3.0,3.0,11.0,0.08333333333333333,2,1,4,1,46,44,3,0,Previous_Game
2025-08-02_00:09:07.264659,CIVILIZATION_CHINA,24,1,3,2,2,4,5,8,11,0,27,4.0,3.0,11.0,0.16666666666666666,1,1,2,1,46,42,4,0,Previous_Game
2025-08-02_00:09:07.264659,CIVILIZATION_CANADA,24,1,2,1,2,3,4,12,11,0,16,3.0,2.0,11.0,0.125,2,1,5,5,46,32,5,0,Previous_Game
2025-08-02_00:09:07.264659,CIVILIZATION_ENGLAND,25,1,3,2,2,3,4,6,11,0,25,3.0,3.0,11.0,0.16,2,1,3,1,46,53,1,1,Previous_Game
2025-08-02_00:09:07.264659,CIVILIZATION_ROME,25,1,3,2,2,3,5,13,11,0,32,3.0,3.0,11.0,0.16,2,1,1,1,46,50,2,0,Previous_Game
2025-08-02_00:09:07.264659,CIVILIZATION_NETHERLANDS,25,1,3,1,1,3,3,7,11,0,23,3.0,3.0,11.0,0.08,2,1,4,1,46,44,3,0,Previous_Game
2025-08-02_00:09:07.264659,CIVILIZATION_CHINA,25,1,3,2,2,4,5,8,11,0,27,4.0,3.0,11.0,0.16,1,1,2,1,46,42,4,0,Previous_Game
2025-08-02_00:09:07.264659,CIVILIZATION_CANADA,25,1,2,1,2,3,4,12,11,0,16,3.0,2.0,11.0,0.12,2,1,5,5,46,32,5,0,Previous_Game
2025-08-02_00:09:07.264659,CIVILIZATION_ENGLAND,26,1,3,2,2,3,4,6,11,0,25,3.0,3.0,11.0,0.15384615384615385,3,1,3,2,46,53,1,1,Previous_Game
2025-08-02_00:09:07.264659,CIVILIZATION_ROME,26,1,3,2,2,3,5,13,11,0,32,3.0,3.0,11.0,0.15384615384615385,3,1,1,2,46,50,2,0,Previous_Game
2025-08-02_00:09:07.264659,CIVILIZATION_NETHERLANDS,26,1,4,2,2,4,4,8,11,0,23,4.0,4.0,11.0,0.15384615384615385,1,1,4,1,46,44,3,0,Previous_Game
2025-08-02_00:09:07.264659,CIVILIZATION_CHINA,26,1,3,2,2,4,5,8,11,0,27,4.0,3.0,11.0,0.15384615384615385,1,1,2,2,46,42,4,0,Previous_Game
2025-08-02_00:09:07.264659,CIVILIZATION_CANADA,26,1,2,2,2,3,4,12,11,0,17,3.0,2.0,11.0,0.15384615384615385,3,1,5,5,46,32,5,0,Previous_Game
2025-08-02_00:09:07.264659,CIVILIZATION_ENGLAND,27,1,3,2,2,3,4,6,11,0,25,3.0,3.0,11.0,0.14814814814814814,3,1,3,2,46,53,1,1,Previous_Game
2025-08-02_00:09:07.264659,CIVILIZATION_ROME,27,1,3,2,2,3,5,13,11,0,34,3.0,3.0,11.0,0.14814814814814814,3,1,1,2,46,50,2,0,Previous_Game
2025-08-02_00:09:07.264659,CIVILIZATION_NETHERLANDS,27,1,4,2,2,4,4,8,11,0,25,4.0,4.0,11.0,0.14814814814814814,1,1,3,1,46,44,3,0,Previous_Game
2025-08-02_00:09:07.264659,CIVILIZATION_CHINA,27,1,3,2,2,4,5,8,11,0,27,4.0,3.0,11.0,0.14814814814814814,1,1,2,2,46,42,4,0,Previous_Game
2025-08-02_00:09:07.264659,CIVILIZATION_CANADA,27,1,2,2,2,3,4,12,11,0,22,3.0,2.0,11.0,0.14814814814814814,3,1,5,5,46,32,5,0,Previous_Game
2025-08-02_00:09:07.264659,CIVILIZATION_ENGLAND,28,1,4,2,2,4,4,7,11,0,25,4.0,4.0,11.0,0.14285714285714285,1,1,3,1,46,53,1,1,Previous_Game
2025-08-02_00:09:07.264659,CIVILIZATION_ROME,28,1,3,2,2,3,5,13,11,0,34,3.0,3.0,11.0,0.14285714285714285,4,1,1,3,46,50,2,0,Previous_Game
2025-08-02_00:09:07.264659,CIVILIZATION_NETHERLANDS,28,1,4,2,2,4,4,8,11,0,25,4.0,4.0,11.0,0.14285714285714285,1,1,3,1,46,44,3,0,Previous_Game
2025-08-02_00:09:07.264659,CIVILIZATION_CHINA,28,1,3,3,3,4,5,8,11,0,27,4.0,3.0,11.0,0.21428571428571427,1,1,2,3,46,42,4,0,Previous_Game
2025-08-02_00:09:07.264659,CIVILIZATION_CANADA,28,1,2,2,2,3,4,12,11,0,22,3.0,2.0,11.0,0.14285714285714285,4,1,5,5,46,32,5,0,Previous_Game
2025-08-02_00:09:07.264659,CIVILIZATION_ENGLAND,29,1,4,2,2,4,4,6,11,0,29,4.0,4.0,11.0,0.13793103448275862,1,1,2,1,46,53,1,1,Previous_Game
2025-08-02_00:09:07.264659,CIVILIZATION_ROME,29,1,3,2,3,3,5,13,11,0,34,3.0,3.0,11.0,0.1724137931034483,4,1,1,3,46,50,2,0,Previous_Game
2025-08-02_00:09:07.264659,CIVILIZATION_NETHERLANDS,29,1,4,2,2,4,4,8,11,0,25,4.0,4.0,11.0,0.13793103448275862,1,1,4,1,46,44,3,0,Previous_Game
2025-08-02_00:09:07.264659,CIVILIZATION_CHINA,29,1,2,3,3,4,4,7,11,0,27,4.0,2.0,11.0,0.20689655172413793,1,1,3,4,46,42,4,0,Previous_Game
2025-08-02_00:09:07.264659,CIVILIZATION_CANADA,29,1,2,2,2,3,4,12,11,0,22,3.0,2.0,11.0,0.13793103448275862,4,1,5,4,46,32,5,0,Previous_Game
2025-08-02_00:09:07.264659,CIVILIZATION_ENGLAND,30,1,4,2,2,4,4,6,11,0,29,4.0,4.0,11.0,0.13333333333333333,1,1,3,1,46,53,1,1,Previous_Game
2025-08-02_00:09:07.264659,CIVILIZATION_ROME,30,1,3,2,3,3,5,13,11,0,34,3.0,3.0,11.0,0.16666666666666666,4,1,1,3,46,50,2,0,Previous_Game
2025-08-02_00:09:07.264659,CIVILIZATION_NETHERLANDS,30,1,4,2,2,4,4,7,11,0,25,4.0,4.0,11.0,0.13333333333333333,1,1,4,1,46,44,3,0,Previous_Game
2025-08-02_00:09:07.264659,CIVILIZATION_CHINA,30,1,2,3,3,4,4,7,11,0,30,4.0,2.0,11.0,0.2,1,1,2,4,46,42,4,0,Previous_Game
2025-08-02_00:09:07.264659,CIVILIZATION_CANADA,30,1,2,2,2,3,4,13,11,0,22,3.0,2.0,11.0,0.13333333333333333,4,1,5,4,46,32,5,0,Previous_Game
2025-08-02_00:09:07.264659,CIVILIZATION_ENGLAND,31,1,4,3,2,4,4,6,11,0,35,4.0,4.0,11.0,0.16129032258064516,1,2,2,1,46,53,1,1,Previous_Game
2025-08-02_00:09:07.264659,CIVILIZATION_ROME,31,1,3,2,3,3,5,13,11,0,43,3.0,3.0,11.0,0.16129032258064516,4,2,1,3,46,50,2,0,Previous_Game
2025-08-02_00:09:07.264659,CIVILIZATION_NETHERLANDS,31,1,4,2,2,4,4,7,11,0,25,4.0,4.0,11.0,0.12903225806451613,1,2,4,1,46,44,3,0,Previous_Game
2025-08-02_00:09:07.264659,CIVILIZATION_CHINA,31,2,3,3,3,4,5,9,11,0,30,2.0,1.5,5.5,0.1935483870967742,1,1,3,3,46,42,4,0,Previous_Game
2025-08-02_00:09:07.264659,CIVILIZATION_CANADA,31,1,2,2,2,3,4,13,11,0,22,3.0,2.0,11.0,0.12903225806451613,4,2,5,5,46,32,5,0,Previous_Game
2025-08-02_00:09:07.264659,CIVILIZATION_ENGLAND,32,1,4,3,2,4,4,6,11,0,36,4.0,4.0,11.0,0.15625,1,2,2,1,46,53,1,1,Previous_Game
2025-08-02_00:09:07.264659,CIVILIZATION_ROME,32,1,3,3,3,3,5,13,11,0,43,3.0,3.0,11.0,0.1875,4,2,1,3,46,50,2,0,Previous_Game
2025-08-02_00:09:07.264659,CIVILIZATION_NETHERLANDS,32,1,4,3,2,4,4,7,11,0,26,4.0,4.0,11.0,0.15625,1,2,4,1,46,44,3,0,Previous_Game
2025-08-02_00:09:07.264659,CIVILIZATION_CHINA,32,2,3,3,3,4,5,9,11,0,30,2.0,1.5,5.5,0.1875,1,1,3,3,46,42,4,0,Previous_Game
2025-08-02_00:09:07.264659,CIVILIZATION_CANADA,32,1,2,2,3,3,4,13,11,0,22,3.0,2.0,11.0,0.15625,4,2,5,5,46,32,5,0,Previous_Game
2025-08-02_00:09:07.264659,CIVILIZATION_ENGLAND,33,1,4,3,3,4,4,6,11,0,37,4.0,4.0,11.0,0.18181818181818182,1,2,2,1,46,53,1,1,Previous_Game
2025-08-02_00:09:07.264659,CIVILIZATION_ROME,33,1,3,3,3,4,5,12,11,0,44,4.0,3.0,11.0,0.18181818181818182,1,2,1,3,46,50,2,0,Previous_Game
2025-08-02_00:09:07.264659,CIVILIZATION_NETHERLANDS,33,1,4,3,2,4,4,7,11,0,29,4.0,4.0,11.0,0.15151515151515152,1,2,4,1,46,44,3,0,Previous_Game
2025-08-02_00:09:07.264659,CIVILIZATION_CHINA,33,2,3,4,3,4,5,8,11,0,32,2.0,1.5,5.5,0.21212121212121213,1,1,3,3,46,42,4,0,Previous_Game
2025-08-02_00:09:07.264659,CIVILIZATION_CANADA,33,1,2,2,3,3,4,13,11,0,24,3.0,2.0,11.0,0.15151515151515152,5,2,5,5,46,32,5,0,Previous_Game
2025-08-02_00:09:07.264659,CIVILIZATION_ENGLAND,34,1,4,3,3,4,4,6,11,0,39,4.0,4.0,11.0,0.17647058823529413,1,2,2,1,46,53,1,1,Previous_Game
2025-08-02_00:09:07.264659,CIVILIZATION_ROME,34,1,3,3,3,4,5,12,11,0,44,4.0,3.0,11.0,0.17647058823529413,1,2,1,3,46,50,2,0,Previous_Game
2025-08-02_00:09:07.264659,CIVILIZATION_NETHERLANDS,34,1,4,3,2,4,4,7,11,0,29,4.0,4.0,11.0,0.14705882352941177,1,2,4,1,46,44,3,0,Previous_Game
2025-08-02_00:09:07.264659,CIVILIZATION_CHINA,34,2,3,4,3,4,5,8,11,0,32,2.0,1.5,5.5,0.20588235294117646,1,1,3,3,46,42,4,0,Previous_Game
2025-08-02_00:09:07.264659,CIVILIZATION_CANADA,34,1,2,2,3,3,4,13,11,0,24,3.0,2.0,11.0,0.14705882352941177,5,2,5,5,46,32,5,0,Previous_Game
2025-08-02_00:09:07.264659,CIVILIZATION_ENGLAND,35,1,4,3,3,4,4,6,11,0,40,4.0,4.0,11.0,0.17142857142857143,2,3,2,1,46,53,1,1,Previous_Game
2025-08-02_00:09:07.264659,CIVILIZATION_ROME,35,1,3,3,3,4,5,12,11,0,44,4.0,3.0,11.0,0.17142857142857143,2,3,1,4,46,50,2,0,Previous_Game
2025-08-02_00:09:07.264659,CIVILIZATION_NETHERLANDS,35,1,4,3,2,4,4,8,11,0,37,4.0,4.0,11.0,0.14285714285714285,2,3,3,1,46,44,3,0,Previous_Game
2025-08-02_00:09:07.264659,CIVILIZATION_CHINA,35,2,4,4,3,5,5,9,11,0,32,2.5,2.0,5.5,0.2,1,1,4,1,46,42,4,0,Previous_Game
2025-08-02_00:09:07.264659,CIVILIZATION_CANADA,35,2,3,3,3,3,5,14,11,1,24,1.5,1.5,5.5,0.17142857142857143,5,1,5,4,46,32,5,0,Previous_Game
2025-08-02_00:09:07.264659,CIVILIZATION_ENGLAND,36,1,4,3,3,4,4,6,11,0,40,4.0,4.0,11.0,0.16666666666666666,2,3,2,2,46,53,1,1,Previous_Game
2025-08-02_00:09:07.264659,CIVILIZATION_ROME,36,1,3,3,3,4,5,12,11,0,47,4.0,3.0,11.0,0.16666666666666666,2,3,1,4,46,50,2,0,Previous_Game
2025-08-02_00:09:07.264659,CIVILIZATION_NETHERLANDS,36,1,5,3,2,4,4,9,11,0,39,4.0,5.0,11.0,0.1388888888888889,2,3,3,1,46,44,3,0,Previous_Game
2025-08-02_00:09:07.264659,CIVILIZATION_CHINA,36,2,4,4,3,5,5,9,11,0,32,2.5,2.0,5.5,0.19444444444444445,1,1,4,2,46,42,4,0,Previous_Game
2025-08-02_00:09:07.264659,CIVILIZATION_CANADA,36,2,3,3,3,3,5,14,11,1,25,1.5,1.5,5.5,0.16666666666666666,5,1,5,4,46,32,5,0,Previous_Game
2025-08-02_00:09:07.264659,CIVILIZATION_ENGLAND,37,1,3,4,3,3,4,6,11,0,41,3.0,3.0,11.0,0.1891891891891892,4,3,2,3,46,53,1,1,Previous_Game
2025-08-02_00:09:07.264659,CIVILIZATION_ROME,37,1,3,3,3,4,5,13,11,0,47,4.0,3.0,11.0,0.16216216216216217,2,3,1,3,46,50,2,0,Previous_Game
2025-08-02_00:09:07.264659,CIVILIZATION_NETHERLANDS,37,1,5,3,2,4,4,9,11,0,39,4.0,5.0,11.0,0.13513513513513514,2,3,3,1,46,44,3,0,Previous_Game
2025-08-02_00:09:07.264659,CIVILIZATION_CHINA,37,2,5,4,3,5,5,10,11,0,32,2.5,2.5,5.5,0.1891891891891892,1,1,4,1,46,42,4,0,Previous_Game
2025-08-02_00:09:07.264659,CIVILIZATION_CANADA,37,2,3,3,3,3,5,14,11,1,25,1.5,1.5,5.5,0.16216216216216217,4,1,5,3,46,32,5,0,Previous_Game
2025-08-02_00:09:07.264659,CIVILIZATION_ENGLAND,38,1,3,4,3,3,4,6,11,0,41,3.0,3.0,11.0,0.18421052631578946,4,3,2,4,46,53,1,1,Previous_Game
2025-08-02_00:09:07.264659,CIVILIZATION_ROME,38,1,4,3,3,5,5,15,11,0,47,5.0,4.0,11.0,0.15789473684210525,1,3,1,3,46,50,2,0,Previous_Game
2025-08-02_00:09:07.264659,CIVILIZATION_NETHERLANDS,38,1,5,3,3,4,4,9,11,0,39,4.0,5.0,11.0,0.15789473684210525,3,3,3,1,46,44,3,0,Previous_Game
2025-08-02_00:09:07.264659,CIVILIZATION_CHINA,38,2,5,4,3,5,5,10,11,0,33,2.5,2.5,5.5,0.18421052631578946,1,1,4,1,46,42,4,0,Previous_Game
2025-08-02_00:09:07.264659,CIVILIZATION_CANADA,38,2,3,3,3,3,5,14,11,1,25,1.5,1.5,5.5,0.15789473684210525,4,1,5,4,46,32,5,0,Previous_Game
2025-08-02_00:09:07.264659,CIVILIZATION_ENGLAND,40,1,3,4,3,3,4,6,11,0,46,3.0,3.0,11.0,0.175,4,3,2,4,46,53,1,1,Previous_Game
2025-08-02_00:09:07.264659,CIVILIZATION_ROME,40,1,4,3,3,5,5,15,11,0,47,5.0,4.0,11.0,0.15,1,3,1,3,46,50,2,0,Previous_Game
2025-08-02_00:09:07.264659,CIVILIZATION_NETHERLANDS,40,1,5,4,3,4,4,9,11,0,39,4.0,5.0,11.0,0.175,3,3,3,1,46,44,3,0,Previous_Game
2025-08-02_00:09:07.264659,CIVILIZATION_CHINA,40,2,5,4,3,5,5,10,11,0,33,2.5,2.5,5.5,0.175,1,1,4,1,46,42,4,0,Previous_Game
2025-08-02_00:09:07.264659,CIVILIZATION_CANADA,40,2,3,3,3,3,5,15,11,1,28,1.5,1.5,5.5,0.15,4,1,5,4,46,32,5,0,Previous_Game
2025-08-02_00:09:07.264659,CIVILIZATION_ENGLAND,41,1,3,4,3,3,4,6,11,0,46,3.0,3.0,11.0,0.17073170731707318,5,3,2,5,46,53,1,1,Previous_Game
2025-08-02_00:09:07.264659,CIVILIZATION_ROME,41,1,4,3,3,5,5,15,11,0,47,5.0,4.0,11.0,0.14634146341463414,1,3,1,3,46,50,2,0,Previous_Game
2025-08-02_00:09:07.264659,CIVILIZATION_NETHERLANDS,41,1,5,4,3,4,4,8,12,0,40,4.0,5.0,12.0,0.17073170731707318,3,3,3,1,46,44,3,0,Previous_Game
2025-08-02_00:09:07.264659,CIVILIZATION_CHINA,41,2,5,4,4,5,5,10,11,0,33,2.5,2.5,5.5,0.1951219512195122,1,1,4,1,46,42,4,0,Previous_Game
2025-08-02_00:09:07.264659,CIVILIZATION_CANADA,41,2,4,3,4,4,5,17,11,1,31,2.0,2.0,5.5,0.17073170731707318,3,1,5,3,46,32,5,0,Previous_Game
2025-08-02_00:09:07.264659,CIVILIZATION_ENGLAND,42,1,3,4,3,3,4,6,11,0,51,3.0,3.0,11.0,0.16666666666666666,6,4,1,5,46,53,1,1,Previous_Game
2025-08-02_00:09:07.264659,CIVILIZATION_ROME,42,1,3,3,4,4,5,13,11,0,47,4.0,3.0,11.0,0.16666666666666666,2,4,2,5,46,50,2,0,Previous_Game
2025-08-02_00:09:07.264659,CIVILIZATION_NETHERLANDS,42,1,5,4,3,4,4,8,12,0,43,4.0,5.0,12.0,0.16666666666666666,2,4,3,1,46,44,3,0,Previous_Game
2025-08-02_00:09:07.264659,CIVILIZATION_CHINA,42,2,5,5,4,5,5,10,11,0,32,2.5,2.5,5.5,0.21428571428571427,1,1,4,1,46,42,4,0,Previous_Game
2025-08-02_00:09:07.264659,CIVILIZATION_CANADA,42,2,4,3,4,4,5,17,11,1,31,2.0,2.0,5.5,0.16666666666666666,2,1,5,4,46,32,5,0,Previous_Game
2025-08-02_00:09:07.264659,CIVILIZATION_GAUL,42,2,5,3,3,4,2,16,10,0,29,2.0,2.5,5.0,0.14285714285714285,2,1,6,1,46,30,6,0,Previous_Game
2025-08-02_00:09:07.264659,CIVILIZATION_ENGLAND,44,1,3,4,3,3,4,6,11,0,52,3.0,3.0,11.0,0.1590909090909091,6,4,1,5,46,53,1,1,Previous_Game
2025-08-02_00:09:07.264659,CIVILIZATION_ROME,44,1,3,3,4,4,5,13,11,0,50,4.0,3.0,11.0,0.1590909090909091,3,4,2,5,46,50,2,0,Previous_Game
2025-08-02_00:09:07.264659,CIVILIZATION_NETHERLANDS,44,1,5,4,3,4,4,8,12,0,44,4.0,5.0,12.0,0.1590909090909091,3,4,3,3,46,44,3,0,Previous_Game
2025-08-02_00:09:07.264659,CIVILIZATION_CHINA,44,2,6,5,4,6,6,11,11,0,36,3.0,3.0,5.5,0.20454545454545456,1,1,4,1,46,42,4,0,Previous_Game
2025-08-02_00:09:07.264659,CIVILIZATION_CANADA,44,2,5,3,4,4,5,19,11,1,31,2.0,2.5,5.5,0.1590909090909091,3,1,5,3,46,32,5,0,Previous_Game
2025-08-02_00:09:07.264659,CIVILIZATION_GAUL,44,2,6,4,3,5,2,16,10,0,29,2.5,3.0,5.0,0.1590909090909091,2,1,6,1,46,30,6,0,Previous_Game
2025-08-02_00:09:07.264659,CIVILIZATION_ENGLAND,45,1,3,4,3,3,4,6,11,0,52,3.0,3.0,11.0,0.15555555555555556,6,4,1,5,46,53,1,1,Previous_Game
2025-08-02_00:09:07.264659,CIVILIZATION_ROME,45,1,3,3,4,4,5,13,11,0,50,4.0,3.0,11.0,0.15555555555555556,3,4,2,5,46,50,2,0,Previous_Game
2025-08-02_00:09:07.264659,CIVILIZATION_NETHERLANDS,45,1,5,4,3,4,4,8,12,0,44,4.0,5.0,12.0,0.15555555555555556,3,4,3,3,46,44,3,0,Previous_Game
2025-08-02_00:09:07.264659,CIVILIZATION_CHINA,45,2,6,5,4,6,6,11,11,0,36,3.0,3.0,5.5,0.2,1,1,4,1,46,42,4,0,Previous_Game
2025-08-02_00:09:07.264659,CIVILIZATION_CANADA,45,2,5,3,4,4,5,19,11,1,31,2.0,2.5,5.5,0.15555555555555556,3,1,5,3,46,32,5,0,Previous_Game
2025-08-02_00:09:07.264659,CIVILIZATION_GAUL,45,2,6,4,3,6,2,17,10,0,29,3.0,3.0,5.0,0.15555555555555556,1,1,6,1,46,30,6,0,Previous_Game
2025-08-02_00:09:07.264659,CIVILIZATION_ENGLAND,46,1,4,4,3,4,4,7,11,0,53,4.0,4.0,11.0,0.15217391304347827,5,5,1,5,46,53,1,1,Previous_Game
2025-08-02_00:09:07.264659,CIVILIZATION_ROME,46,2,4,3,4,5,5,16,11,0,50,2.5,2.0,5.5,0.15217391304347827,2,1,2,5,46,50,2,0,Previous_Game
2025-08-02_00:09:07.264659,CIVILIZATION_NETHERLANDS,46,1,6,4,3,5,4,10,12,0,44,5.0,6.0,12.0,0.15217391304347827,2,5,3,1,46,44,3,0,Previous_Game
2025-08-02_00:09:07.264659,CIVILIZATION_CHINA,46,2,6,5,4,7,6,11,11,0,42,3.5,3.0,5.5,0.1956521739130435,1,1,4,1,46,42,4,0,Previous_Game
2025-08-02_00:09:07.264659,CIVILIZATION_CANADA,46,2,5,3,4,4,5,19,11,1,32,2.0,2.5,5.5,0.15217391304347827,5,1,5,4,46,32,5,0,Previous_Game
2025-08-02_00:09:07.264659,CIVILIZATION_GAUL,46,2,6,4,4,5,2,16,10,0,30,2.5,3.0,5.0,0.17391304347826086,2,1,6,1,46,30,6,0,Previous_Game
2025-08-02_00:40:50.443837,CIVILIZATION_ENGLAND,48,1,4,4,3,4,4,8,11,0,54,4.0,4.0,11.0,0.14583333333333334,5,5,1,4,53,57,1,1,Previous_Game
2025-08-02_00:40:50.443837,CIVILIZATION_ROME,48,2,4,3,4,5,4,19,11,0,53,2.5,2.0,5.5,0.14583333333333334,2,1,2,4,53,57,1,1,Previous_Game
2025-08-02_00:40:50.443837,CIVILIZATION_NETHERLANDS,48,1,6,4,3,5,4,10,12,0,46,5.0,6.0,12.0,0.14583333333333334,2,5,3,2,53,54,3,0,Previous_Game
2025-08-02_00:40:50.443837,CIVILIZATION_CHINA,48,2,7,5,4,7,7,15,11,0,44,3.5,3.5,5.5,0.1875,1,1,4,1,53,49,4,0,Previous_Game
2025-08-02_00:40:50.443837,CIVILIZATION_CANADA,48,2,4,3,4,4,5,18,11,1,33,2.0,2.0,5.5,0.14583333333333334,5,1,5,4,53,40,5,0,Previous_Game
2025-08-02_00:40:50.443837,CIVILIZATION_GAUL,48,2,6,5,4,5,2,16,10,0,30,2.5,3.0,5.0,0.1875,2,1,6,2,53,33,6,0,Previous_Game
2025-08-02_00:40:50.443837,CIVILIZATION_ROME,49,2,4,4,4,5,4,19,11,0,56,2.5,2.0,5.5,0.16326530612244897,3,1,1,4,53,57,1,1,Previous_Game
2025-08-02_00:40:50.443837,CIVILIZATION_ENGLAND,49,1,4,4,4,4,4,8,11,0,54,4.0,4.0,11.0,0.16326530612244897,5,5,2,4,53,57,1,1,Previous_Game
2025-08-02_00:40:50.443837,CIVILIZATION_NETHERLANDS,49,1,6,4,3,5,4,10,12,0,46,5.0,6.0,12.0,0.14285714285714285,3,5,3,3,53,54,3,0,Previous_Game
2025-08-02_00:40:50.443837,CIVILIZATION_CHINA,49,2,7,5,4,7,7,15,11,0,44,3.5,3.5,5.5,0.1836734693877551,1,1,4,1,53,49,4,0,Previous_Game
2025-08-02_00:40:50.443837,CIVILIZATION_CANADA,49,2,4,3,4,4,5,18,11,1,33,2.0,2.0,5.5,0.14285714285714285,5,1,5,4,53,40,5,0,Previous_Game
2025-08-02_00:40:50.443837,CIVILIZATION_GAUL,49,2,7,5,4,6,3,18,10,0,30,3.0,3.5,5.0,0.1836734693877551,2,1,6,1,53,33,6,0,Previous_Game
2025-08-02_00:40:50.443837,CIVILIZATION_ENGLAND,50,1,4,4,4,4,4,8,11,0,53,4.0,4.0,11.0,0.16,5,5,2,4,53,57,1,1,Previous_Game
2025-08-02_00:40:50.443837,CIVILIZATION_ROME,50,2,4,4,4,5,4,19,11,0,56,2.5,2.0,5.5,0.16,3,1,1,4,53,57,1,1,Previous_Game
2025-08-02_00:40:50.443837,CIVILIZATION_NETHERLANDS,50,1,6,5,4,7,4,10,12,1,46,7.0,6.0,12.0,0.18,1,5,4,2,53,54,3,0,Previous_Game
2025-08-02_00:40:50.443837,CIVILIZATION_CHINA,50,2,6,5,4,7,6,13,11,0,47,3.5,3.0,5.5,0.18,1,1,3,2,53,49,4,0,Previous_Game
2025-08-02_00:40:50.443837,CIVILIZATION_CANADA,50,2,4,3,4,4,5,18,11,1,38,2.0,2.0,5.5,0.14,5,1,5,4,53,40,5,0,Previous_Game
2025-08-02_00:40:50.443837,CIVILIZATION_GAUL,50,2,7,5,4,5,3,17,10,0,33,2.5,3.5,5.0,0.18,3,1,6,1,53,33,6,0,Previous_Game
2025-08-02_00:40:50.443837,CIVILIZATION_ROME,51,2,4,4,4,5,4,19,11,0,57,2.5,2.0,5.5,0.1568627450980392,4,2,1,5,53,57,1,1,Previous_Game
2025-08-02_00:40:50.443837,CIVILIZATION_ENGLAND,51,1,4,4,4,4,4,8,11,0,53,4.0,4.0,11.0,0.1568627450980392,6,5,2,5,53,57,1,1,Previous_Game
2025-08-02_00:40:50.443837,CIVILIZATION_NETHERLANDS,51,1,6,5,4,7,4,10,12,1,53,7.0,6.0,12.0,0.17647058823529413,1,5,2,2,53,54,3,0,Previous_Game
2025-08-02_00:40:50.443837,CIVILIZATION_CHINA,51,2,6,5,4,7,6,13,11,0,47,3.5,3.0,5.5,0.17647058823529413,1,2,4,2,53,49,4,0,Previous_Game
2025-08-02_00:40:50.443837,CIVILIZATION_CANADA,51,3,6,3,4,5,6,24,11,1,40,1.6666666666666667,2.0,3.6666666666666665,0.13725490196078433,4,1,5,2,53,40,5,0,Previous_Game
2025-08-02_00:40:50.443837,CIVILIZATION_GAUL,51,2,7,5,4,7,3,18,10,0,33,3.5,3.5,5.0,0.17647058823529413,1,2,6,1,53,33,6,0,Previous_Game
2025-08-02_00:40:50.443837,CIVILIZATION_ROME,52,2,4,4,4,5,4,20,11,1,57,2.5,2.0,5.5,0.15384615384615385,4,2,1,5,53,57,1,1,Previous_Game
2025-08-02_00:40:50.443837,CIVILIZATION_ENGLAND,52,1,4,4,4,4,4,8,11,0,54,4.0,4.0,11.0,0.15384615384615385,6,5,2,5,53,57,1,1,Previous_Game
2025-08-02_00:40:50.443837,CIVILIZATION_NETHERLANDS,52,1,6,5,4,7,4,10,12,1,54,7.0,6.0,12.0,0.17307692307692307,1,5,2,3,53,54,3,0,Previous_Game
2025-08-02_00:40:50.443837,CIVILIZATION_CHINA,52,2,7,5,5,7,7,16,11,0,49,3.5,3.5,5.5,0.19230769230769232,1,2,4,1,53,49,4,0,Previous_Game
2025-08-02_00:40:50.443837,CIVILIZATION_CANADA,52,3,6,3,4,5,6,23,13,1,40,1.6666666666666667,2.0,4.333333333333333,0.1346153846153846,4,1,5,3,53,40,5,0,Previous_Game
2025-08-02_00:40:50.443837,CIVILIZATION_GAUL,52,2,7,5,4,6,3,17,10,0,33,3.0,3.5,5.0,0.17307692307692307,3,2,6,1,53,33,6,0,Previous_Game
2025-08-02_00:40:50.443837,CIVILIZATION_ENGLAND,53,1,4,4,4,4,4,8,11,0,57,4.0,4.0,11.0,0.1509433962264151,6,5,1,5,53,57,1,1,Previous_Game
2025-08-02_00:40:50.443837,CIVILIZATION_ROME,53,2,4,4,4,5,4,20,11,1,57,2.5,2.0,5.5,0.1509433962264151,4,2,1,5,53,57,1,1,Previous_Game
2025-08-02_00:40:50.443837,CIVILIZATION_NETHERLANDS,53,1,6,5,4,7,4,10,12,1,54,7.0,6.0,12.0,0.16981132075471697,1,5,3,3,53,54,3,0,Previous_Game
2025-08-02_00:40:50.443837,CIVILIZATION_CHINA,53,2,7,6,5,7,12,16,11,0,49,3.5,3.5,5.5,0.20754716981132076,1,2,4,1,53,49,4,0,Previous_Game
2025-08-02_00:40:50.443837,CIVILIZATION_CANADA,53,3,6,3,4,5,6,23,13,1,40,1.6666666666666667,2.0,4.333333333333333,0.1320754716981132,4,1,5,3,53,40,5,0,Previous_Game
2025-08-02_00:40:50.443837,CIVILIZATION_GAUL,53,2,7,5,4,7,3,18,10,0,33,3.5,3.5,5.0,0.16981132075471697,1,2,6,1,53,33,6,0,Previous_Game
2025-08-02_00:42:06.276581,CIVILIZATION_NETHERLANDS,54,1,6,5,4,8,5,10,12,1,54,8.0,6.0,12.0,0.16666666666666666,1,5,3,3,56,59,1,1,Previous_Game
2025-08-02_00:42:06.276581,CIVILIZATION_ENGLAND,54,1,4,4,4,4,5,8,11,0,59,4.0,4.0,11.0,0.14814814814814814,6,5,1,5,56,59,1,1,Previous_Game
2025-08-02_00:42:06.276581,CIVILIZATION_ROME,54,2,4,4,4,5,4,22,11,1,57,2.5,2.0,5.5,0.14814814814814814,4,2,2,5,56,57,3,0,Previous_Game
2025-08-02_00:42:06.276581,CIVILIZATION_CHINA,54,2,7,6,5,7,12,16,11,0,49,3.5,3.5,5.5,0.2037037037037037,2,2,4,1,56,56,4,0,Previous_Game
2025-08-02_00:42:06.276581,CIVILIZATION_CANADA,54,3,6,3,4,5,6,23,13,1,40,1.6666666666666667,2.0,4.333333333333333,0.12962962962962962,4,1,5,3,56,40,5,0,Previous_Game
2025-08-02_00:42:06.276581,CIVILIZATION_GAUL,54,2,7,5,4,6,3,17,10,0,33,3.0,3.5,5.0,0.16666666666666666,3,2,6,1,56,33,6,0,Previous_Game
2025-08-02_00:42:06.276581,CIVILIZATION_NETHERLANDS,55,1,6,5,4,8,5,10,12,1,55,8.0,6.0,12.0,0.16363636363636364,1,5,4,3,56,59,1,1,Previous_Game
2025-08-02_00:42:06.276581,CIVILIZATION_ENGLAND,55,1,4,4,4,4,5,8,11,0,59,4.0,4.0,11.0,0.14545454545454545,6,5,1,6,56,59,1,1,Previous_Game
2025-08-02_00:42:06.276581,CIVILIZATION_ROME,55,2,5,4,4,6,6,24,11,1,57,3.0,2.5,5.5,0.14545454545454545,4,2,2,5,56,57,3,0,Previous_Game
2025-08-02_00:42:06.276581,CIVILIZATION_CHINA,55,2,7,6,5,7,12,16,11,0,56,3.5,3.5,5.5,0.2,2,2,3,1,56,56,4,0,Previous_Game
2025-08-02_00:42:06.276581,CIVILIZATION_CANADA,55,3,6,3,4,6,6,23,13,1,40,2.0,2.0,4.333333333333333,0.12727272727272726,4,1,5,3,56,40,5,0,Previous_Game
2025-08-02_00:42:06.276581,CIVILIZATION_GAUL,55,2,7,5,4,7,3,18,10,0,33,3.5,3.5,5.0,0.16363636363636364,2,2,6,1,56,33,6,0,Previous_Game
2025-08-02_00:42:06.276581,CIVILIZATION_NETHERLANDS,56,1,6,5,4,8,5,10,12,1,59,8.0,6.0,12.0,0.16071428571428573,1,5,1,4,56,59,1,1,Previous_Game
2025-08-02_00:42:06.276581,CIVILIZATION_ENGLAND,56,1,4,4,4,4,5,8,11,0,59,4.0,4.0,11.0,0.14285714285714285,6,5,1,6,56,59,1,1,Previous_Game
2025-08-02_00:42:06.276581,CIVILIZATION_ROME,56,2,5,4,4,6,6,24,11,1,57,3.0,2.5,5.5,0.14285714285714285,3,2,3,5,56,57,3,0,Previous_Game
2025-08-02_00:42:06.276581,CIVILIZATION_CHINA,56,2,7,6,5,7,12,15,11,0,56,3.5,3.5,5.5,0.19642857142857142,2,2,4,1,56,56,4,0,Previous_Game
2025-08-02_00:42:06.276581,CIVILIZATION_CANADA,56,3,7,3,4,6,6,25,13,1,40,2.0,2.3333333333333335,4.333333333333333,0.125,3,1,5,1,56,40,5,0,Previous_Game
2025-08-02_00:42:06.276581,CIVILIZATION_GAUL,56,2,7,5,5,6,3,17,10,0,33,3.0,3.5,5.0,0.17857142857142858,3,2,6,1,56,33,6,0,Previous_Game
2025-08-02_00:46:14.998338,CIVILIZATION_ENGLAND,57,2,5,4,4,5,5,11,11,0,59,2.5,2.5,5.5,0.14035087719298245,5,2,2,5,62,73,1,1,Previous_Game
2025-08-02_00:46:14.998338,CIVILIZATION_NETHERLANDS,57,1,6,6,5,8,5,10,12,1,59,8.0,6.0,12.0,0.19298245614035087,1,6,2,4,62,66,2,0,Previous_Game
2025-08-02_00:46:14.998338,CIVILIZATION_CHINA,57,2,7,6,5,7,12,15,11,0,55,3.5,3.5,5.5,0.19298245614035087,2,2,4,2,62,65,3,0,Previous_Game
2025-08-02_00:46:14.998338,CIVILIZATION_ROME,57,2,4,4,4,5,6,20,11,1,61,2.5,2.0,5.5,0.14035087719298245,5,2,1,6,62,64,4,0,Previous_Game
2025-08-02_00:46:14.998338,CIVILIZATION_CANADA,57,3,7,3,4,6,6,25,13,1,40,2.0,2.3333333333333335,4.333333333333333,0.12280701754385964,4,1,5,2,62,47,5,0,Previous_Game
2025-08-02_00:46:14.998338,CIVILIZATION_GAUL,57,2,8,5,5,7,9,19,10,0,39,3.5,4.0,5.0,0.17543859649122806,2,2,6,1,62,44,6,0,Previous_Game
2025-08-02_00:46:14.998338,CIVILIZATION_ENGLAND,58,2,6,4,4,6,5,13,12,0,68,3.0,3.0,6.0,0.13793103448275862,3,3,1,4,62,73,1,1,Previous_Game
2025-08-02_00:46:14.998338,CIVILIZATION_NETHERLANDS,58,1,6,6,5,8,5,10,12,1,59,8.0,6.0,12.0,0.1896551724137931,1,6,3,4,62,66,2,0,Previous_Game
2025-08-02_00:46:14.998338,CIVILIZATION_CHINA,58,3,8,6,5,8,14,17,11,0,55,2.6666666666666665,2.6666666666666665,3.6666666666666665,0.1896551724137931,1,1,4,1,62,65,3,0,Previous_Game
2025-08-02_00:46:14.998338,CIVILIZATION_ROME,58,2,4,5,4,5,6,21,11,1,61,2.5,2.0,5.5,0.15517241379310345,6,3,2,6,62,64,4,0,Previous_Game
2025-08-02_00:46:14.998338,CIVILIZATION_CANADA,58,3,7,3,4,6,6,25,13,1,45,2.0,2.3333333333333335,4.333333333333333,0.1206896551724138,3,1,5,3,62,47,5,0,Previous_Game
2025-08-02_00:46:14.998338,CIVILIZATION_GAUL,58,2,8,5,5,6,9,18,10,0,41,3.0,4.0,5.0,0.1724137931034483,3,3,6,1,62,44,6,0,Previous_Game
2025-08-02_00:46:14.998338,CIVILIZATION_ENGLAND,59,2,6,4,4,6,5,13,12,0,68,3.0,3.0,6.0,0.13559322033898305,4,3,1,5,62,73,1,1,Previous_Game
2025-08-02_00:46:14.998338,CIVILIZATION_NETHERLANDS,59,1,7,6,5,9,5,9,14,1,59,9.0,7.0,14.0,0.1864406779661017,1,6,3,3,62,66,2,0,Previous_Game
2025-08-02_00:46:14.998338,CIVILIZATION_CHINA,59,3,8,6,5,8,12,17,11,0,57,2.6666666666666665,2.6666666666666665,3.6666666666666665,0.1864406779661017,2,1,4,1,62,65,3,0,Previous_Game
2025-08-02_00:46:14.998338,CIVILIZATION_ROME,59,2,4,5,4,5,6,21,11,1,61,2.5,2.0,5.5,0.15254237288135594,6,3,2,6,62,64,4,0,Previous_Game
2025-08-02_00:46:14.998338,CIVILIZATION_CANADA,59,3,7,3,4,6,6,25,13,1,47,2.0,2.3333333333333335,4.333333333333333,0.11864406779661017,4,1,5,3,62,47,5,0,Previous_Game
2025-08-02_00:46:14.998338,CIVILIZATION_GAUL,59,2,8,5,5,7,9,19,10,0,41,3.5,4.0,5.0,0.1694915254237288,3,3,6,1,62,44,6,0,Previous_Game
2025-08-02_00:46:14.998338,CIVILIZATION_ENGLAND,60,2,6,4,4,6,5,13,12,0,68,3.0,3.0,6.0,0.13333333333333333,3,3,1,5,62,73,1,1,Previous_Game
2025-08-02_00:46:14.998338,CIVILIZATION_NETHERLANDS,60,1,7,6,5,9,5,9,14,1,59,9.0,7.0,14.0,0.18333333333333332,1,6,3,3,62,66,2,0,Previous_Game
2025-08-02_00:46:14.998338,CIVILIZATION_CHINA,60,3,8,6,5,8,14,17,11,0,57,2.6666666666666665,2.6666666666666665,3.6666666666666665,0.18333333333333332,2,1,4,1,62,65,3,0,Previous_Game
2025-08-02_00:46:14.998338,CIVILIZATION_ROME,60,2,4,5,4,5,6,21,11,1,61,2.5,2.0,5.5,0.15,6,3,2,6,62,64,4,0,Previous_Game
2025-08-02_00:46:14.998338,CIVILIZATION_CANADA,60,3,7,3,4,6,6,25,13,1,47,2.0,2.3333333333333335,4.333333333333333,0.11666666666666667,3,1,5,3,62,47,5,0,Previous_Game
2025-08-02_00:46:14.998338,CIVILIZATION_GAUL,60,2,8,5,5,6,9,18,10,0,41,3.0,4.0,5.0,0.16666666666666666,3,3,6,1,62,44,6,0,Previous_Game
2025-08-02_00:46:14.998338,CIVILIZATION_ENGLAND,61,2,6,4,5,6,5,15,12,0,68,3.0,3.0,6.0,0.14754098360655737,4,4,1,5,62,73,1,1,Previous_Game
2025-08-02_00:46:14.998338,CIVILIZATION_NETHERLANDS,61,1,7,6,5,9,5,9,14,1,59,9.0,7.0,14.0,0.18032786885245902,1,6,4,3,62,66,2,0,Previous_Game
2025-08-02_00:46:14.998338,CIVILIZATION_CHINA,61,3,8,6,6,8,12,17,11,0,64,2.6666666666666665,2.6666666666666665,3.6666666666666665,0.19672131147540983,2,1,2,1,62,65,3,0,Previous_Game
2025-08-02_00:46:14.998338,CIVILIZATION_ROME,61,3,5,5,4,6,8,26,12,1,61,2.0,1.6666666666666667,4.0,0.14754098360655737,4,1,3,6,62,64,4,0,Previous_Game
2025-08-02_00:46:14.998338,CIVILIZATION_CANADA,61,3,7,4,5,6,6,25,13,1,47,2.0,2.3333333333333335,4.333333333333333,0.14754098360655737,4,1,5,3,62,47,5,0,Previous_Game
2025-08-02_00:46:14.998338,CIVILIZATION_GAUL,61,2,8,6,5,7,9,19,10,0,41,3.5,4.0,5.0,0.18032786885245902,3,4,6,1,62,44,6,0,Previous_Game
2025-08-02_00:46:14.998338,CIVILIZATION_ENGLAND,62,2,6,4,5,6,12,15,12,0,73,3.0,3.0,6.0,0.14516129032258066,4,4,1,5,62,73,1,1,Previous_Game
2025-08-02_00:46:14.998338,CIVILIZATION_NETHERLANDS,62,1,7,6,5,9,5,9,14,1,66,9.0,7.0,14.0,0.1774193548387097,1,6,2,3,62,66,2,0,Previous_Game
2025-08-02_00:46:14.998338,CIVILIZATION_CHINA,62,3,8,6,6,8,14,16,11,0,65,2.6666666666666665,2.6666666666666665,3.6666666666666665,0.1935483870967742,2,1,3,1,62,65,3,0,Previous_Game
2025-08-02_00:46:14.998338,CIVILIZATION_ROME,62,3,6,5,5,8,8,27,12,1,64,2.6666666666666665,2.0,4.0,0.16129032258064516,2,1,4,5,62,64,4,0,Previous_Game
2025-08-02_00:46:14.998338,CIVILIZATION_CANADA,62,3,7,4,5,6,6,24,13,1,47,2.0,2.3333333333333335,4.333333333333333,0.14516129032258066,4,1,5,3,62,47,5,0,Previous_Game
2025-08-02_00:46:14.998338,CIVILIZATION_GAUL,62,2,8,7,5,6,9,18,10,0,44,3.0,4.0,5.0,0.1935483870967742,4,4,6,1,62,44,6,0,Previous_Game
2025-08-02_00:50:07.689815,CIVILIZATION_NETHERLANDS,63,1,7,6,6,9,5,9,14,1,66,9.0,7.0,14.0,0.19047619047619047,1,6,3,3,75,109,1,1,Previous_Game
2025-08-02_00:50:07.689815,CIVILIZATION_CHINA,63,3,8,6,6,8,12,16,11,0,69,2.6666666666666665,2.6666666666666665,3.6666666666666665,0.19047619047619047,2,1,2,1,75,96,2,0,Previous_Game
2025-08-02_00:50:07.689815,CIVILIZATION_ENGLAND,63,2,6,5,5,6,12,15,12,0,73,3.0,3.0,6.0,0.15873015873015872,5,4,1,5,75,92,3,0,Previous_Game
2025-08-02_00:50:07.689815,CIVILIZATION_ROME,63,3,6,5,5,8,8,27,12,1,66,2.6666666666666665,2.0,4.0,0.15873015873015872,2,1,3,5,75,83,4,0,Previous_Game
2025-08-02_00:50:07.689815,CIVILIZATION_GAUL,63,2,8,7,5,7,9,19,10,0,44,3.5,4.0,5.0,0.19047619047619047,4,4,6,1,75,63,5,0,Previous_Game
2025-08-02_00:50:07.689815,CIVILIZATION_CANADA,63,3,7,5,5,6,6,25,13,1,47,2.0,2.3333333333333335,4.333333333333333,0.15873015873015872,5,1,5,3,75,54,6,0,Previous_Game
2025-08-02_00:50:07.689815,CIVILIZATION_NETHERLANDS,64,1,7,6,6,9,5,9,14,1,69,9.0,7.0,14.0,0.1875,1,6,2,4,75,109,1,1,Previous_Game
2025-08-02_00:50:07.689815,CIVILIZATION_CHINA,64,3,8,6,7,8,14,16,11,0,69,2.6666666666666665,2.6666666666666665,3.6666666666666665,0.203125,2,1,2,1,75,96,2,0,Previous_Game
2025-08-02_00:50:07.689815,CIVILIZATION_ENGLAND,64,2,7,5,5,6,12,15,12,0,73,3.0,3.5,6.0,0.15625,5,4,1,4,75,92,3,0,Previous_Game
2025-08-02_00:50:07.689815,CIVILIZATION_ROME,64,3,6,6,5,8,8,27,12,1,66,2.6666666666666665,2.0,4.0,0.171875,2,1,4,6,75,83,4,0,Previous_Game
2025-08-02_00:50:07.689815,CIVILIZATION_GAUL,64,2,8,7,5,6,9,18,10,0,48,3.0,4.0,5.0,0.1875,5,4,6,1,75,63,5,0,Previous_Game
2025-08-02_00:50:07.689815,CIVILIZATION_CANADA,64,3,8,5,6,7,6,25,13,1,50,2.3333333333333335,2.6666666666666665,4.333333333333333,0.171875,4,1,5,1,75,54,6,0,Previous_Game
2025-08-02_00:50:07.689815,CIVILIZATION_NETHERLANDS,65,1,7,6,6,9,5,9,14,1,72,9.0,7.0,14.0,0.18461538461538463,1,6,2,4,75,109,1,1,Previous_Game
2025-08-02_00:50:07.689815,CIVILIZATION_CHINA,65,3,10,6,7,9,14,19,11,0,71,3.0,3.3333333333333335,3.6666666666666665,0.2,1,1,3,1,75,96,2,0,Previous_Game
2025-08-02_00:50:07.689815,CIVILIZATION_ENGLAND,65,2,7,5,5,6,12,15,12,0,78,3.0,3.5,6.0,0.15384615384615385,6,4,1,4,75,92,3,0,Previous_Game
2025-08-02_00:50:07.689815,CIVILIZATION_ROME,65,3,6,6,5,8,8,27,12,1,66,2.6666666666666665,2.0,4.0,0.16923076923076924,3,1,4,6,75,83,4,0,Previous_Game
2025-08-02_00:50:07.689815,CIVILIZATION_GAUL,65,2,8,7,5,7,9,19,10,0,48,3.5,4.0,5.0,0.18461538461538463,4,4,6,2,75,63,5,0,Previous_Game
2025-08-02_00:50:07.689815,CIVILIZATION_CANADA,65,3,8,5,6,7,6,25,13,1,50,2.3333333333333335,2.6666666666666665,4.333333333333333,0.16923076923076924,4,1,5,2,75,54,6,0,Previous_Game
2025-08-02_00:50:07.689815,CIVILIZATION_NETHERLANDS,66,1,7,6,6,9,5,9,14,1,71,9.0,7.0,14.0,0.18181818181818182,1,6,2,4,75,109,1,1,Previous_Game
2025-08-02_00:50:07.689815,CIVILIZATION_CHINA,66,3,10,6,7,9,16,18,11,0,71,3.0,3.3333333333333335,3.6666666666666665,0.19696969696969696,1,1,2,1,75,96,2,0,Previous_Game
2025-08-02_00:50:07.689815,CIVILIZATION_ENGLAND,66,2,8,6,5,7,13,15,12,0,80,3.5,4.0,6.0,0.16666666666666666,4,4,1,2,75,92,3,0,Previous_Game
2025-08-02_00:50:07.689815,CIVILIZATION_ROME,66,3,6,7,6,8,8,27,12,1,66,2.6666666666666665,2.0,4.0,0.19696969696969696,3,1,4,6,75,83,4,0,Previous_Game
2025-08-02_00:50:07.689815,CIVILIZATION_GAUL,66,2,8,7,5,6,9,18,10,0,49,3.0,4.0,5.0,0.18181818181818182,5,4,6,2,75,63,5,0,Previous_Game
2025-08-02_00:50:07.689815,CIVILIZATION_CANADA,66,3,7,6,6,6,6,23,13,1,50,2.0,2.3333333333333335,4.333333333333333,0.18181818181818182,5,1,5,4,75,54,6,0,Previous_Game
2025-08-02_00:50:07.689815,CIVILIZATION_NETHERLANDS,67,1,7,6,6,9,5,9,14,1,73,9.0,7.0,14.0,0.1791044776119403,1,6,3,4,75,109,1,1,Previous_Game
2025-08-02_00:50:07.689815,CIVILIZATION_CHINA,67,3,10,6,7,9,14,19,11,1,78,3.0,3.3333333333333335,3.6666666666666665,0.19402985074626866,1,1,2,1,75,96,2,0,Previous_Game
2025-08-02_00:50:07.689815,CIVILIZATION_ENGLAND,67,2,8,6,5,7,13,15,12,0,82,3.5,4.0,6.0,0.16417910447761194,4,4,1,2,75,92,3,0,Previous_Game
2025-08-02_00:50:07.689815,CIVILIZATION_ROME,67,3,6,7,6,8,8,27,12,1,66,2.6666666666666665,2.0,4.0,0.19402985074626866,3,1,4,6,75,83,4,0,Previous_Game
2025-08-02_00:50:07.689815,CIVILIZATION_GAUL,67,2,8,7,6,7,9,16,10,0,51,3.5,4.0,5.0,0.19402985074626866,4,4,5,2,75,63,5,0,Previous_Game
2025-08-02_00:50:07.689815,CIVILIZATION_CANADA,67,3,7,6,6,6,6,23,13,1,50,2.0,2.3333333333333335,4.333333333333333,0.1791044776119403,6,1,6,4,75,54,6,0,Previous_Game
2025-08-02_00:50:07.689815,CIVILIZATION_NETHERLANDS,68,1,7,6,6,9,5,9,14,1,76,9.0,7.0,14.0,0.17647058823529413,1,6,3,5,75,109,1,1,Previous_Game
2025-08-02_00:50:07.689815,CIVILIZATION_CHINA,68,3,10,6,7,9,16,19,11,1,79,3.0,3.3333333333333335,3.6666666666666665,0.19117647058823528,1,1,2,1,75,96,2,0,Previous_Game
2025-08-02_00:50:07.689815,CIVILIZATION_ENGLAND,68,2,8,6,5,7,13,15,12,0,82,3.5,4.0,6.0,0.16176470588235295,4,4,1,2,75,92,3,0,Previous_Game
2025-08-02_00:50:07.689815,CIVILIZATION_ROME,68,3,6,7,6,9,8,27,13,1,70,3.0,2.0,4.333333333333333,0.19117647058823528,1,1,4,6,75,83,4,0,Previous_Game
2025-08-02_00:50:07.689815,CIVILIZATION_GAUL,68,2,8,7,6,6,9,15,10,0,51,3.0,4.0,5.0,0.19117647058823528,6,4,5,2,75,63,5,0,Previous_Game
2025-08-02_00:50:07.689815,CIVILIZATION_CANADA,68,3,8,6,6,7,6,25,13,1,50,2.3333333333333335,2.6666666666666665,4.333333333333333,0.17647058823529413,4,1,6,2,75,54,6,0,Previous_Game
2025-08-02_00:50:07.689815,CIVILIZATION_NETHERLANDS,69,1,7,7,6,9,5,9,14,1,77,9.0,7.0,14.0,0.18840579710144928,1,6,3,5,75,109,1,1,Previous_Game
2025-08-02_00:50:07.689815,CIVILIZATION_CHINA,69,3,10,6,7,9,14,19,11,1,81,3.0,3.3333333333333335,3.6666666666666665,0.18840579710144928,1,1,2,1,75,96,2,0,Previous_Game
2025-08-02_00:50:07.689815,CIVILIZATION_ENGLAND,69,2,8,7,6,7,13,14,12,0,82,3.5,4.0,6.0,0.18840579710144928,4,4,1,3,75,92,3,0,Previous_Game
2025-08-02_00:50:07.689815,CIVILIZATION_ROME,69,3,7,7,6,9,9,29,13,1,70,3.0,2.3333333333333335,4.333333333333333,0.18840579710144928,1,1,4,5,75,83,4,0,Previous_Game
2025-08-02_00:50:07.689815,CIVILIZATION_GAUL,69,2,8,7,6,7,9,16,10,0,51,3.5,4.0,5.0,0.18840579710144928,4,4,5,3,75,63,5,0,Previous_Game
2025-08-02_00:50:07.689815,CIVILIZATION_CANADA,69,3,9,6,6,7,7,25,13,1,50,2.3333333333333335,3.0,4.333333333333333,0.17391304347826086,4,1,6,2,75,54,6,0,Previous_Game
2025-08-02_00:50:07.689815,CIVILIZATION_NETHERLANDS,70,1,7,7,6,9,5,9,14,1,77,9.0,7.0,14.0,0.18571428571428572,2,6,3,6,75,109,1,1,Previous_Game
2025-08-02_00:50:07.689815,CIVILIZATION_CHINA,70,3,11,6,7,9,17,22,11,1,82,3.0,3.6666666666666665,3.6666666666666665,0.18571428571428572,2,1,2,1,75,96,2,0,Previous_Game
2025-08-02_00:50:07.689815,CIVILIZATION_ENGLAND,70,2,8,7,6,7,13,14,12,0,83,3.5,4.0,6.0,0.18571428571428572,4,4,1,3,75,92,3,0,Previous_Game
2025-08-02_00:50:07.689815,CIVILIZATION_ROME,70,3,8,7,7,10,9,32,13,1,72,3.3333333333333335,2.6666666666666665,4.333333333333333,0.2,1,1,4,3,75,83,4,0,Previous_Game
2025-08-02_00:50:07.689815,CIVILIZATION_GAUL,70,2,8,8,6,6,9,15,10,0,57,3.0,4.0,5.0,0.2,6,4,5,3,75,63,5,0,Previous_Game
2025-08-02_00:50:07.689815,CIVILIZATION_CANADA,70,3,9,6,6,7,7,25,13,1,53,2.3333333333333335,3.0,4.333333333333333,0.17142857142857143,4,1,6,2,75,54,6,0,Previous_Game
2025-08-02_00:50:07.689815,CIVILIZATION_NETHERLANDS,71,1,7,7,6,9,5,9,14,1,80,9.0,7.0,14.0,0.18309859154929578,2,6,3,6,75,109,1,1,Previous_Game
2025-08-02_00:50:07.689815,CIVILIZATION_CHINA,71,3,11,6,8,9,16,22,11,1,85,3.0,3.6666666666666665,3.6666666666666665,0.19718309859154928,2,1,1,1,75,96,2,0,Previous_Game
2025-08-02_00:50:07.689815,CIVILIZATION_ENGLAND,71,2,8,7,6,7,13,14,12,0,83,3.5,4.0,6.0,0.18309859154929578,4,4,2,3,75,92,3,0,Previous_Game
2025-08-02_00:50:07.689815,CIVILIZATION_ROME,71,3,8,8,7,10,9,32,13,1,77,3.3333333333333335,2.6666666666666665,4.333333333333333,0.2112676056338028,1,1,4,3,75,83,4,0,Previous_Game
2025-08-02_00:50:07.689815,CIVILIZATION_GAUL,71,2,8,9,7,7,9,16,10,1,57,3.5,4.0,5.0,0.22535211267605634,4,4,5,3,75,63,5,0,Previous_Game
2025-08-02_00:50:07.689815,CIVILIZATION_CANADA,71,3,9,7,6,7,7,25,13,2,53,2.3333333333333335,3.0,4.333333333333333,0.18309859154929578,4,1,6,2,75,54,6,0,Previous_Game
2025-08-02_00:50:07.689815,CIVILIZATION_NETHERLANDS,72,1,7,7,6,9,5,9,14,1,88,9.0,7.0,14.0,0.18055555555555555,2,6,1,6,75,109,1,1,Previous_Game
2025-08-02_00:50:07.689815,CIVILIZATION_CHINA,72,3,11,6,8,9,16,22,11,1,88,3.0,3.6666666666666665,3.6666666666666665,0.19444444444444445,2,2,1,1,75,96,2,0,Previous_Game
2025-08-02_00:50:07.689815,CIVILIZATION_ENGLAND,72,2,8,7,6,7,13,14,12,0,86,3.5,4.0,6.0,0.18055555555555555,5,4,3,4,75,92,3,0,Previous_Game
2025-08-02_00:50:07.689815,CIVILIZATION_ROME,72,3,9,9,7,10,9,34,13,1,82,3.3333333333333335,3.0,4.333333333333333,0.2222222222222222,1,2,4,3,75,83,4,0,Previous_Game
2025-08-02_00:50:07.689815,CIVILIZATION_GAUL,72,2,8,9,7,6,9,15,10,1,57,3.0,4.0,5.0,0.2222222222222222,6,4,5,4,75,63,5,0,Previous_Game
2025-08-02_00:50:07.689815,CIVILIZATION_CANADA,72,4,10,7,6,8,7,28,13,2,53,2.0,2.5,3.25,0.18055555555555555,4,1,6,2,75,54,6,0,Previous_Game
2025-08-02_00:50:07.689815,CIVILIZATION_NETHERLANDS,73,1,7,7,6,9,5,9,14,1,107,9.0,7.0,14.0,0.1780821917808219,2,6,1,6,75,109,1,1,Previous_Game
2025-08-02_00:50:07.689815,CIVILIZATION_CHINA,73,3,11,6,8,9,16,22,11,1,89,3.0,3.6666666666666665,3.6666666666666665,0.1917808219178082,2,2,2,1,75,96,2,0,Previous_Game
2025-08-02_00:50:07.689815,CIVILIZATION_ENGLAND,73,2,8,7,6,7,13,14,12,0,86,3.5,4.0,6.0,0.1780821917808219,5,4,3,3,75,92,3,0,Previous_Game
2025-08-02_00:50:07.689815,CIVILIZATION_ROME,73,3,8,9,7,10,9,32,13,1,82,3.3333333333333335,2.6666666666666665,4.333333333333333,0.2191780821917808,1,2,4,3,75,83,4,0,Previous_Game
2025-08-02_00:50:07.689815,CIVILIZATION_GAUL,73,2,8,9,7,7,9,16,10,1,60,3.5,4.0,5.0,0.2191780821917808,5,4,5,3,75,63,5,0,Previous_Game
2025-08-02_00:50:07.689815,CIVILIZATION_CANADA,73,4,10,7,6,8,7,29,16,2,53,2.0,2.5,4.0,0.1780821917808219,4,1,6,2,75,54,6,0,Previous_Game
2025-08-02_00:50:07.689815,CIVILIZATION_NETHERLANDS,74,1,7,7,6,9,5,9,14,1,107,9.0,7.0,14.0,0.17567567567567569,2,6,1,5,75,109,1,1,Previous_Game
2025-08-02_00:50:07.689815,CIVILIZATION_CHINA,74,3,11,6,9,11,18,19,11,1,88,3.6666666666666665,3.6666666666666665,3.6666666666666665,0.20270270270270271,1,2,2,1,75,96,2,0,Previous_Game
2025-08-02_00:50:07.689815,CIVILIZATION_ENGLAND,74,2,8,8,6,7,13,15,12,0,86,3.5,4.0,6.0,0.1891891891891892,5,4,3,3,75,92,3,0,Previous_Game
2025-08-02_00:50:07.689815,CIVILIZATION_ROME,74,3,7,9,7,8,9,29,13,1,82,2.6666666666666665,2.3333333333333335,4.333333333333333,0.21621621621621623,3,2,4,5,75,83,4,0,Previous_Game
2025-08-02_00:50:07.689815,CIVILIZATION_GAUL,74,2,8,9,7,6,9,15,10,1,60,3.0,4.0,5.0,0.21621621621621623,6,4,5,3,75,63,5,0,Previous_Game
2025-08-02_00:50:07.689815,CIVILIZATION_CANADA,74,4,10,8,6,8,7,29,16,2,53,2.0,2.5,4.0,0.1891891891891892,3,1,6,2,75,54,6,0,Previous_Game
2025-08-02_00:50:07.689815,CIVILIZATION_NETHERLANDS,75,1,8,7,6,10,5,9,14,1,109,10.0,8.0,14.0,0.17333333333333334,2,6,1,5,75,109,1,1,Previous_Game
2025-08-02_00:50:07.689815,CIVILIZATION_CHINA,75,3,11,6,9,11,18,20,11,1,96,3.6666666666666665,3.6666666666666665,3.6666666666666665,0.2,1,3,2,1,75,96,2,0,Previous_Game
2025-08-02_00:50:07.689815,CIVILIZATION_ENGLAND,75,2,9,8,6,7,14,15,12,0,92,3.5,4.5,6.0,0.18666666666666668,6,4,3,3,75,92,3,0,Previous_Game
2025-08-02_00:50:07.689815,CIVILIZATION_ROME,75,4,8,9,7,10,8,35,15,1,83,2.5,2.0,3.75,0.21333333333333335,2,1,4,5,75,83,4,0,Previous_Game
2025-08-02_00:50:07.689815,CIVILIZATION_GAUL,75,2,9,9,7,8,10,17,10,1,63,4.0,4.5,5.0,0.21333333333333335,4,4,5,3,75,63,5,0,Previous_Game
2025-08-02_00:50:07.689815,CIVILIZATION_CANADA,75,4,10,8,6,8,7,29,16,2,54,2.0,2.5,4.0,0.18666666666666668,4,1,6,2,75,54,6,0,Previous_Game
2025-08-02_01:13:58.810318,CIVILIZATION_NETHERLANDS,76,1,8,8,6,10,5,9,14,1,109,10.0,8.0,14.0,0.18421052631578946,2,6,1,5,77,133,1,1,Previous_Game
2025-08-02_01:13:58.810318,CIVILIZATION_GAUL,76,2,9,9,7,7,10,16,10,1,103,3.5,4.5,5.0,0.21052631578947367,5,4,2,3,77,103,2,0,Previous_Game
2025-08-02_01:13:58.810318,CIVILIZATION_CHINA,76,3,11,7,9,11,18,20,11,1,96,3.6666666666666665,3.6666666666666665,3.6666666666666665,0.21052631578947367,1,3,3,1,77,96,3,0,Previous_Game
2025-08-02_01:13:58.810318,CIVILIZATION_ENGLAND,76,2,9,8,7,7,14,16,14,0,92,3.5,4.5,7.0,0.19736842105263158,5,4,4,3,77,96,3,0,Previous_Game
2025-08-02_01:13:58.810318,CIVILIZATION_ROME,76,4,8,9,7,10,8,35,15,1,83,2.5,2.0,3.75,0.21052631578947367,2,1,5,5,77,84,5,0,Previous_Game
2025-08-02_01:13:58.810318,CIVILIZATION_CANADA,76,4,10,8,6,8,7,29,16,2,54,2.0,2.5,4.0,0.18421052631578946,4,1,6,2,77,56,6,0,Previous_Game
2025-08-02_01:13:58.810318,CIVILIZATION_NETHERLANDS,77,1,8,8,6,10,5,9,14,1,133,10.0,8.0,14.0,0.18181818181818182,3,6,1,5,77,133,1,1,Previous_Game
2025-08-02_01:13:58.810318,CIVILIZATION_GAUL,77,2,10,9,7,8,11,18,10,1,103,4.0,5.0,5.0,0.2077922077922078,5,4,2,3,77,103,2,0,Previous_Game
2025-08-02_01:13:58.810318,CIVILIZATION_ENGLAND,77,2,9,8,7,7,14,16,14,0,96,3.5,4.5,7.0,0.19480519480519481,6,4,3,4,77,96,3,0,Previous_Game
2025-08-02_01:13:58.810318,CIVILIZATION_CHINA,77,3,12,8,9,11,16,23,11,1,96,3.6666666666666665,4.0,3.6666666666666665,0.22077922077922077,1,3,3,1,77,96,3,0,Previous_Game
2025-08-02_01:13:58.810318,CIVILIZATION_ROME,77,4,8,9,8,11,9,36,15,1,84,2.75,2.0,3.75,0.22077922077922077,1,1,5,5,77,84,5,0,Previous_Game
2025-08-02_01:13:58.810318,CIVILIZATION_CANADA,77,4,12,8,7,9,8,30,16,2,56,2.25,3.0,4.0,0.19480519480519481,4,1,6,1,77,56,6,0,Previous_Game
2025-08-02_10:49:38.059931,CIVILIZATION_INDONESIA,10,1,2,0,0,3,1,8,10,0,0,3.0,2.0,10.0,0.0,1,1,4,1,41,0,1,1,Current_Game
2025-08-02_10:49:38.059931,CIVILIZATION_INDONESIA,11,1,2,1,0,3,1,8,10,0,0,3.0,2.0,10.0,0.09090909090909091,1,1,4,1,41,0,1,1,Current_Game
2025-08-02_10:49:38.059931,CIVILIZATION_INDONESIA,12,1,2,1,0,3,1,8,10,0,0,3.0,2.0,10.0,0.08333333333333333,1,1,4,2,41,0,1,1,Current_Game
2025-08-02_10:49:38.059931,CIVILIZATION_INDONESIA,13,1,2,1,0,3,1,8,10,0,0,3.0,2.0,10.0,0.07692307692307693,1,1,4,2,41,0,1,1,Current_Game
2025-08-02_10:49:38.059931,CIVILIZATION_INDONESIA,14,1,2,1,0,3,1,8,10,0,0,3.0,2.0,10.0,0.07142857142857142,1,1,4,2,41,0,1,1,Current_Game
2025-08-02_10:49:38.059931,CIVILIZATION_INDONESIA,15,1,2,1,0,3,1,8,10,0,0,3.0,2.0,10.0,0.06666666666666667,2,1,4,3,41,0,1,1,Current_Game
2025-08-02_10:49:38.059931,CIVILIZATION_INDONESIA,16,1,2,1,1,3,1,8,10,0,0,3.0,2.0,10.0,0.125,2,1,4,3,41,0,1,1,Current_Game
2025-08-02_10:49:38.059931,CIVILIZATION_INDONESIA,17,1,2,1,1,3,3,8,11,0,0,3.0,2.0,11.0,0.11764705882352941,2,1,4,4,41,0,1,1,Current_Game
2025-08-02_10:49:38.059931,CIVILIZATION_INDONESIA,18,1,2,1,1,3,3,8,11,0,0,3.0,2.0,11.0,0.1111111111111111,2,1,4,4,41,0,1,1,Current_Game
2025-08-02_10:49:38.059931,CIVILIZATION_INDONESIA,19,1,2,1,1,3,3,8,11,0,0,3.0,2.0,11.0,0.10526315789473684,3,1,4,4,41,0,1,1,Current_Game
2025-08-02_10:49:38.059931,CIVILIZATION_INDONESIA,20,1,2,1,1,3,3,8,11,0,0,3.0,2.0,11.0,0.1,3,1,4,5,41,0,1,1,Current_Game
2025-08-02_10:49:38.059931,CIVILIZATION_INDONESIA,21,1,2,1,1,3,3,8,11,0,0,3.0,2.0,11.0,0.09523809523809523,3,1,4,5,41,0,1,1,Current_Game
2025-08-02_10:49:38.059931,CIVILIZATION_INDONESIA,22,1,3,1,1,3,4,11,11,0,0,3.0,3.0,11.0,0.09090909090909091,3,1,4,2,41,0,1,1,Current_Game
2025-08-02_10:49:38.059931,CIVILIZATION_INDONESIA,23,1,3,1,1,3,4,11,11,0,0,3.0,3.0,11.0,0.08695652173913043,3,1,4,2,41,0,1,1,Current_Game
2025-08-02_10:49:38.059931,CIVILIZATION_INDONESIA,24,1,3,1,1,3,4,11,11,0,0,3.0,3.0,11.0,0.08333333333333333,3,1,4,2,41,0,1,1,Current_Game
2025-08-02_10:49:38.059931,CIVILIZATION_INDONESIA,25,1,3,1,1,3,4,11,11,0,0,3.0,3.0,11.0,0.08,3,1,4,2,41,0,1,1,Current_Game
2025-08-02_10:49:38.059931,CIVILIZATION_INDONESIA,26,1,3,1,2,3,4,11,11,0,0,3.0,3.0,11.0,0.11538461538461539,3,1,4,2,41,0,1,1,Current_Game
2025-08-02_10:49:38.059931,CIVILIZATION_INDONESIA,27,1,3,2,2,3,4,11,11,0,0,3.0,3.0,11.0,0.14814814814814814,3,2,4,3,41,0,1,1,Current_Game
2025-08-02_10:49:38.059931,CIVILIZATION_INDONESIA,28,1,3,2,2,3,4,11,11,0,0,3.0,3.0,11.0,0.14285714285714285,4,2,4,4,41,0,1,1,Current_Game
2025-08-02_10:49:38.059931,CIVILIZATION_INDONESIA,29,1,3,2,2,3,4,11,11,0,0,3.0,3.0,11.0,0.13793103448275862,4,2,4,4,41,0,1,1,Current_Game
2025-08-02_10:49:38.059931,CIVILIZATION_INDONESIA,30,1,3,2,2,3,4,11,11,0,0,3.0,3.0,11.0,0.13333333333333333,4,2,4,4,41,0,1,1,Current_Game
2025-08-02_10:49:38.059931,CIVILIZATION_INDONESIA,31,1,3,2,2,3,4,11,11,0,0,3.0,3.0,11.0,0.12903225806451613,4,2,4,4,41,0,1,1,Current_Game
2025-08-02_10:49:38.059931,CIVILIZATION_INDONESIA,32,1,3,2,2,3,4,11,11,0,0,3.0,3.0,11.0,0.125,4,2,4,4,41,0,1,1,Current_Game
2025-08-02_10:49:38.059931,CIVILIZATION_INDONESIA,33,1,3,2,2,3,4,11,11,0,0,3.0,3.0,11.0,0.12121212121212122,4,2,4,4,41,0,1,1,Current_Game
2025-08-02_10:49:38.059931,CIVILIZATION_INDONESIA,34,1,3,3,3,3,4,11,11,0,0,3.0,3.0,11.0,0.17647058823529413,4,2,4,4,41,0,1,1,Current_Game
2025-08-02_10:49:38.059931,CIVILIZATION_INDONESIA,35,1,3,3,3,3,4,11,11,0,0,3.0,3.0,11.0,0.17142857142857143,5,2,4,5,41,0,1,1,Current_Game
2025-08-02_10:49:38.059931,CIVILIZATION_INDONESIA,36,1,3,3,3,3,4,11,11,0,0,3.0,3.0,11.0,0.16666666666666666,5,2,4,5,41,0,1,1,Current_Game
2025-08-02_10:49:38.059931,CIVILIZATION_INDONESIA,37,1,3,3,3,3,4,11,11,0,0,3.0,3.0,11.0,0.16216216216216217,5,2,4,5,41,0,1,1,Current_Game
2025-08-02_10:49:38.059931,CIVILIZATION_INDONESIA,38,1,3,3,3,3,4,11,11,0,0,3.0,3.0,11.0,0.15789473684210525,5,2,4,5,41,0,1,1,Current_Game
2025-08-02_10:49:38.059931,CIVILIZATION_INDONESIA,39,1,3,3,3,3,4,11,11,0,0,3.0,3.0,11.0,0.15384615384615385,5,2,4,5,41,0,1,1,Current_Game
2025-08-02_10:49:38.059931,CIVILIZATION_INDONESIA,40,1,3,3,3,3,4,11,11,0,0,3.0,3.0,11.0,0.15,5,2,4,5,41,0,1,1,Current_Game
2025-08-02_10:49:38.059931,CIVILIZATION_INDONESIA,41,1,3,3,3,3,4,11,11,0,0,3.0,3.0,11.0,0.14634146341463414,1,1,1,1,41,0,1,1,Current_Game
